phage name,key word,bacteria code,phage code,count,Bacteroide name,sequence number
PHAGE_Escher_rv5, putative tail fiber protein, BACCAC_02364, phage(gi194172896),1,Bacteroides caccae ATCC 43185  whole genome,2777071..2780037 MKKNFVRVMLFGALTLAVTTTVTSCKDYDDDIKGLQEQVDNIKSTNPVSTEDMKAAVDAATKALEKKVKDLQDLVDGKVTATDLEAKIKELEGKLAAGDKTVADALAAAKTELTELINGKASQATVDAINRDIEALKGMKTTLQALIDAENKFIANPEDLSGFENTSFDKFINQSIINALNDKGENKGAIAQYVIEAVQAGVASNAKALNEHIEGLGITGVKDLTGFVDKIYNEIFKENGVIKKQLDSLDELLKAINAHVGTEEGQSKDYAALINEIVAAKNALTALQIPEGKTFGEAVQGIIDTELTNVESTLGKLKAELEAEITALKGMIQSIVYVPEYADGLVQLSTFYAKFGSNGNAADWEPMISGGDVKVRFRVSPSSAAKELIDNFGQATAKYNVAVDYQTVKTRATGELFNITKIEAVEDEANLIEVTLDASKAAASYAIALTLTDKVEGEAKTLNDISSNYFVAVKNNLYISKVEWTPKEKPATLVKGNTIDYKTGGDYTLTVYSSVDNNGDVEGEADTRTKLSQYGISADKFPMELTLGGTNAANFELSEAGVLSAKEAAEVSNKAKVSYTITVSGLGASSEKTVEYTGDYGEVKLITEGEAQEVVLAAAQLPLLWNGAEKSYTLDVTAESATVAAVAKIKEALGVDNFNNCTFTAVPVTQTIKLGSSSGALVLKVPASTVCEATDITTRITSQDGNKSIDVTVKGVTISYPDANDAAFKLIDNAQTWDGSKAVLGRTFTGAGTQESNYTAVTATRNLKELYSNYAAVESSFAGLGSGATLKFAPVLAEGEVSITGVTVTESGDVTVTNSYEGDPIKVTLTGKCGEHEVFSKEIAVTIPADKLNGTFAYSAEKPEDQGKLTYDVTSIEKRKEGLDLKTALVWKDATAAENKIWPEAAENIYDSNDPMTIYGFDVEYVMEEGANNGFFEPTIAKGVLKLTTTAADWSVSAKPMEVKVTVTPKSPWGAMEAKTVTVTVPAW
PHAGE_Salmon_SSU5, putative phage tail protein, BACCAC_03915, phage(gi410491430),1,Bacteroides caccae ATCC 43185  whole genome,complement(4538000..4541206) KDYDDDVKGLQEQIDNINQKGADVTTEAMNAAISSAIAKVQADLDKIASKADKSALDALQAVVTKLQEAVNGKADASTLESLKAELNEAIATVDSSIQPKIDAAKTQLEGQIAALETKLEEADEAIKGSIATQIADLKTELQDLMDANAAEYAKLYATKVDLNALSDRVETLEKIKHLTTDDVLSFIQTDADVKKYIDDEFVALLQQNLDKPESALRAYLEGVFTTDIMTQVEAKCGEIADTKMEALRQEWTTYKAEQGEDYKAIVERLATLEGYNLSTMEELYNSLTDPKNNTIDKANTCFEALGDITDLATEFGKYTTTTKLEKNYVQIADLNTKIGEYIGNSISDLDSKVATLETKLNALQSGLTSMLKSLVFAPQKYDASGELVRSVSFASIYTSTAQTAEGPVVISAPTSVKVNFRVSPASAVADLIGEHPKYTITTDKHVITSRAATNDGILTVASVEQAKDEADVAIEGMITVTLNAATAVKSYALSLSVVGNNEEGKDVTNFTEINSDYFAVIVSKKYINAVDYAAKTYGSPELLVDKAGSAINFYDAEKNSEYIKVKLSDNENGSSPAAEAVTLASLGLSPDLFEVTFEKTEVPADADYFVLNPTTYALTVNQSKLPASSRYNKTCTVTPKIKVTTTATNEGQPVKVDYTGTVVNAKIVAEGVNLEYAVADLYWKDAVQTANLKSEEIGKILAKINEVAGASYESFSAAVSGATKSTAADGGVTIDASGDDVVVTIPAKTVGDEAKDYTFKPALTLTYANSAIVNITVDVKVLAPVVTDLKLGANTINWDGKSVVDLMPSADAQAMTALTVSRKLSEVLLATDIAALKKAVQTDKTVQLKITKGGDESETNLYPGTINFDDFTVKAAAATDKAVSYTFSLYYTPKDQDPVVLNANLLTVNLKPSVKVAGTITAPEEEARTITKTKLTDTYDLSTDFTWKEFRGVTIWPTFAAASGGATTDPATVDGALAIYSGSVKYIVAEESRATFVNCFNTTGYTAETGEIAAANKTIQLNDVIRAQEGAIVNPITVKIKVIATTAWGAPENAETELTITYPEGSTK
PHAGE_Entero_HK629, tail fiber protein, BACPEC_01141, phage(gi428782034),1,Bacteroides pectinophilus ATCC 43243,complement(1069861..1072116) MFNWEKVFARRNWENKPSQKTPLSASNLNSGDYAINELDNRVIALNTAKFDRTDAQGLFKDVSLDKKTGVITFTLVNGSTKTLDTLLEKIAVNFAFDEETQQLVITLDDGTVKKIDMSALITQYEFLDSDTIAFVLEGGKVKAIVKEGSISEKHLRTDYLAEIKVQSAGAASSAASAASSANDADYDAKLAQSYSVGGSGIRENEDEDNARFYKEQAALSATEAIQSASGAAESEEKSALNAGRAESSATDAITGKKEAAQSALSAAEAAQSAAGAAAGAKSEAEAAAVSAKAAENAKAEASESAAGAKESKGSSESAALLSQSYAVGGTGSREGENTDCAKYYYEHTKEISGADNYLLKSQVGAALGVAGLDENGFVPASQLPSFVDDVIEGQYINSTEFVGTDGVVIVPESGKVYVDVSAGNITSGRTYRWSGTRYVVIGSDLALGETSSTAFRGDYGKVAYDHSRQTGNPHGTTAADVGLGNVPNVATNEQRPTFTQADSRANIVSNEKMTTIFGKIAKWFNDLKNVAFTGSYKDLIDKPSVDTALSTASTNAVQNKAVASIVYGDEISTNDDWDNITIGYHVVNGGSQYPWSADKHAPVGAWGWGYVIAWVYGTCGYQIYITASSRKMYIRSRYGSNWTGWGEYDKIDAAFDGAIDVSAYTSASPYTTQSDGYLTMTINGYAGQYLQMSMRDKNGTEVDEIIFPDGSNGYGCSRNVYVPKGMRVYKKAGNLVTGGISSAVFRPFNRT
PHAGE_Yersin_phi80_18, tail fiber protein 2, BACPEC_01143, phage(gi431809455),1,Bacteroides pectinophilus ATCC 43243,complement(1072326..1074173) MRKIVSISFPGTDIEDITNNRIYGESLSFTETLCDEGRLRFGACTASEISIQVRDGVNAVSGLEMQVTIRAEGADTAIPLGLFTITKPKMAANMGYKILTGYDRMTWLDIDVSDWYEGLYPNIKSKHTVKELRESLLDFVGIPYEDVSLVNDSVIVGKNIDTSGTLTGRTVMEQLCEINGVFGRISREGQFIWKSLKGVSSLYPSEDLYPSEDLYPMDARSNPNARVLSAYISCDYEDYICRKIDGLQLKETGGNEYLLGNADDNIYSIQDNFCIIGKSIDELRTIAENLLDVMEYIEYIPMEVYCRGVPYVEAGDGFVLETSTGKTIESIIMTRTLKGIQGLKDTYAASGPEYLDGITESLTDSLQRLNSALYKTRIRVERTDDALEAEVSRAQSAEENISAELIEKYNASIKISADAIESAVTKETQRAQEAESSLSSRITQTAESVTAEVKRSKQAEEQLSATVKITAEGISQTVKKGEVISEINQEAGKIKMEALDIDLSGYVTFNSLSASGTTKINGDNITTGTIRGRVGLWVESDESEKVVTINAHGIYNAATSYLNNVAIYGSLVDGNGNPIVPAGVQYLSDGWWGTFPAGNGWTVTVQNGVITGVEA
PHAGE_Entero_phiFL2A, PblA-like tail protein, BACPEC_02230, phage(gi281416544),1,Bacteroides pectinophilus ATCC 43243,complement(2048584..2050002) MKKRKNLGKKLVTMLVSVGFFAVLITALNLMALQAIRGKNDVLIEQFEQYEEAVENNDTAVFETAKGEVAEAIRHINYRINGSIIFDLALVVADIIVIVLLSIVINKSIVRPAKRAKNDLDDIILGIESGQGNLTLRVFDETSDEIGQLANGVNHFIETLQNLMVKIQSVSKDMKESSYLVQNEAESSNMNASNVSATSEELAASMEEVSASLYDLAQGCNNLLKKMEGMNEDAKNSAMKMHEVKLTAENSYKEAIASKEKTVETFDGIQKDVAEAVEASKSVNEIAKLTENILNIAAQTNLLALNASIEAARAGEAGRGFAVVADEIRQLADSSRDTANNIQEISGKVIEAVNNLSGNATEMIRFVDEKVALDYDNFVKIIGNYDADSDQASNTFNEFAVKSKDSLGTMNDMNEGINNISIAIEESAKGVTNVAQEISQLVTAISAITVQADENKNLSEDLSDEVAKFEKV
PHAGE_Riemer_RAP44, putative phage tail protein, PP_02501, phage(gi418489917),2,Bacteroides fragilis 3_1_12 .1 whole genome shotgun sequence.,2669766..2670974 MANTKNVILNLPFDESDGSLIAYDYSANRADGIVSGAKFVSGKIGNAIQFSGKDTCKISKNVLNLSGEFS
,,,,,Bacteroides sp. 4_3_47FAA .1 whole genome shotgun sequence.,complement(699454..699870) MNELLINGENAYTTWGVRMGEGFLDVIGASAPMKDFIENKSRLEHGKRVIINNPKVDEREITLSFTIEGNSQSDYQAKKKAFFEELYKGVVDIQVPANSNEIYHLIYLGKSVAYAQSLNRTFGKISAKFNEPNPANRS
PHAGE_Lactob_LP65, tail fiber, BSFG_00169, phage(gi56693145),1,Bacteroides sp. 4_3_47FAA .1 whole genome shotgun sequence.,48651..51377 MNKKFLSAILFGALMVSSTGTFVSCKDYDDDIDNLQEQINKLATKEDMTSQIATLQAALTTAAKDASDALAKATAAETAAKAAGDAAAAAKAAADKAVADAKAEAIKAVQAEIETLKKEVEESTDAALKEMAEKVDAATKKVEDIVGKIADMVTSVELVASYSANPTGDELIFSTAIEKENVFSEGITNAITFTKGKQVQTGDKFVVRVSPTNAVLTPDMISLTNSQGQNLNEFLSVQKVEKYNGLLSRAAGNNGLWEVTVALKNYDEKAFSAVTETKVGNDTESILFAVQVNNTLSTAETREVISSYDLTLDWTEYVGEKSLNYFVDATNVKDIHNRFTKAEDGTNVTYQELAWKSDAATTIIPLDKVNTNVKVDNGDDRQTQKLYPAVQGEAIKIALSTADDKVTAPVNIRGIYVVLDKANAVESAPSELNAWNSYTYSGLNTVVEGTSTEITINSTTAINDVIGFRVYAVNFDGTLVDPDGKAFYVQLGNAATDWNATATTVTALNPTDKAVTDTQSDKVAVSLTKLTAPTAATWTTDKVNNVNPAFNAIFVDANNNVLYNTAAPNTFPADFSKVAKVYTVPTVDDWTKYEDNKTYNGTLTIKNASGHVLATMKVSMTKVLPTTIPAGFSVKTAQVTDGIYNCYMIPMNDANDIAWTAETATKGSMKMSEVFNYGTGAAANYNITFATSKKDGNKDVAVVVAGDKTLEVAKDYINNSVKHTTTVVYNYGKISSVKNSEGGYDDVTREAERFETIYNCIYNSTYTWAWATREQLGAPYTDKDSDGNYTTAMPSTKLTYGTDRLDFAADSFIFGTSAKDSRYSKLLSTPYESSLIITDATLTSDANGEEEYFDVIIDNNKHITGFKATALSSETNPTAAVPSTLTIKCKDMYGHDVIIKVAMTVNKR
PHAGE_Clostr_phi8074_B1, putative phage major tail protein, PP_04721, phage(gi431810369),5,Bacteroides sp. D2 .1 whole genome shotgun sequence.,6103695..6104177 MAAVKHDSSKDLVRGQLFLFLGENPVAFASSCSLEVSVEEIDISNKMCGDWAASLPGKKSFTISSESLLT
,,,,,Bacteroides fragilis 638R genome.,complement(4306761..4307240) MATKLDSSKDIYRGELMLFIGDEPIAFASSCGLDVSTEEIDISNKMMGDWAGSLPGKKSFTLSSESLLTRKEGAMSFDTLLSKQITGEVLDFFLGSPASADKDNFGGTFTKDTKQKNYTGKVIITSLSIKSDNGQIVSCSASFKGIGALAPVEPVGVGG
,,,,,Bacteroides ovatus SD CMC 3f  whole genome shotgun,1525348..1525803 MANKILRGNDLMIFKDTTGAGTAYKALAFSTSCQLSLTGNTLETSSKDGGKWTSKAVSKLSWSLTTDNLYSVEDFNALVNSWISREELTVAFAVCTNADSDTGMPADGWTAGGGYTGKVVITSITANAPDNDNATYSVTLEGTGALSPKVA
,,,,,Bacteroides sp. 3_1_23 .1 whole genome shotgun sequence.,complement(1885641..1886096) MANKILRGNDLMIFKDTTGAGTAYKALAFSTSCQLSLTGNTLETSSKDGGKWTSKAVSKLSWSLTTDNLY
,,,,,Bacteroides sp. 3_2_5 .1 whole genome shotgun sequence.,complement(3673366..3673875) MKRKTKILKTMATKLDSSKDIYRGELMLFIGDEPIAFASSCGLDVSTEEIDISNKMMGDWAGSLPGKKSF
PHAGE_Shigel_Shfl2, putative long tail fiber protein, PP_00029, phage(gi330858765),1,Bacteroides sp. 20_3 .1 whole genome shotgun sequence.,33341..34219 MKRSVSLLGILCLFVSFSVQAQYTNIQTWGQKLYYNGSDYPGTFLKLKVAVANPRISGTGGKVVFYDSES
PHAGE_Burkho_BcepIL02, putative tail fiber protein, PP_00031, phage(gi238801675),1,Bacteroides sp. 20_3 .1 whole genome shotgun sequence.,35249..36463 MFIYLYFRTTYMKTTRLFSFLILISLVVNANAQLRVLSNGRVQAGLLKDNNEDLGNVTSMQIYGRIGDAR
PHAGE_Bacter_8, putative tail fiber protein, PP_01535, phage(gi200003962),2,Bacteroides sp. 3_1_23 .1 whole genome shotgun sequence.,complement(1879437..1880768) MEIKSNYIPHNFRNKYLKNVGGSYSSTVLQSTVSGEAGTKVVVIDDLETSSKDKALSANMGKYLNENKQD
,,,,,Bacteroides phage B40-8 complete genome.,8724..14417 MNEVYISTPFCVIPGIETSSKYLLIEYWNDEKIAYPDGFITTGANNDFRYQMYVPATICKPKYEFEEELTKRAGYKFLELQTSTKVYAFTFVAPEFICDAMRLIRLSDYIRISHDGEYYNALNFEFDVDWQEQLYLAAVDCQFETDSIIQKLPSFNRRDKASFYNALLANIDTPIMFSPDTVGLYYKEYRGTEPVIKGKLIRELSPIDLIDENTTIAVDMGAGEARKFNLYRMLEGYISKNHEDVTEFLLSLRGGVNIGTPNVSGEYPASVDRYGNAKLKDIQGNDATLNNVTGKGATFKTVETGFLTVNKTSATIDGMGNANVNDLTARGDSMLRSDVYTGSKKGNSTGKITKEGQLQYLSAIIYEFLSSETFVPGFLGEGFKIWLENGNWHIECDNLTVRQTMNIFELLIQKIRSVNGAIVVSQSNGKLSAVEEVGTQYKLTTGEEFPTFQEGDLVRCQTFAGYQGAGLTFDFTQFAKYDYSGSAFDSSLIDVTPDSISFNLNNTGNSGFAFYKFSESSPTPIEIPSFTLTLEGGYPGMMAIATGLDSSDSPVESAGVLLQNGDNVIPAIKAAQGIHNFAIIITGDSGHGNGKVTVKQKKAAGSAPNNSLVKFYWVEVKSVEGTSFFADKAEFNGVVPTVGDEVVQMGNTKNPERQALIYITAQESGKPYIEILNGVKTKSLTGTDRTRLGDLSNIVDPDFTGEAAVKGTGFYSTNAFLKGIFVLRNGKRVEDEIKIAKDAADQAAQDAANAAQSAQEAKDRLNKWADDGLISPTEKPALIDEGKRIQAEYLQIKANADKYGVSVTEYTEAYNNYLNELRYHSATTPENIVVRPELAQSQTAYYDKRNGALNAIATASKEYVDNADKKLKEYLDTEITAIPGKIELAVRSLKTANYNLLLDSNHTLSANPYQLGAYKYDVHLVKGKSYTLTVCYKCADSDDVVAYNNPSFGYLAILPKSAEETIVSTKITPSQDDAAYFYFYKTPQKETTQTYVRWAVITDGDMGVAQWIPSKSEILTGGRNLVLNSGVCVSQYSLFGLSQTYYELRGQKVVISFDYEYSNLVLGGNNRFGVETEIPLSGGGVQLFGAFVYLDSRSLTNGKGRFYYATKVSDNVVDNGLKHIQAHVQVGTGTVVKMCNFQIEKGDVPSDWSPAPEDIYNDSVKYTDTQISAVDGKIELSVTTELNKRVIGGANLCLKSGVCITGVENHLRINMSKYWRDLRGKKVTLSFDYEYSNLVLGRNSRIGLEEGVLKDGTSNYYYIGAWKYFDSTSLKAGTGRFVHTITVPNDIVNAQNIGIGFYIQVGDGTTMKICNPQIEIGDTATEWKPAPEDGIIESKEYTNSQISVVEGKITSTVEKINTVDGRVTGLASRVEQTEKSITSVVGDIGVINSTTNRHVSKRIDLRGWDNNKFFPLVISIPVYHKTRVEISRPLDAGYGKPSYGTHDGGFSMNLTFEMSGSGWGSLPAVTNIFDYTKAWISAGAKIVVDLGQITETSTCRMGIRGGSMYDVTVDDTIDPNVINVYQTDYHGSYNTSFPVRTDGTEPVRTYGYYTEIKQTQESIALTANKVDDQGRRLSAAELTLSSDHAKLSVVEQTANSANSLAGTANGKAEAADGRVTATQNGLVETGINITSRKIVLKSDNVLFQNNAGQQTAAINANGKLTANAIEVGEVVANGFAAQRITTGNLTVTDGAVIAGMAISGGVLTGKNIHITDGAKIGNFTIESGILSANGMVAGMQMRLSNNLMELSSSGLRVDQNSGGYAVNVRGNGRCYMQGVESYRKFNVYEFAGATQWKAPGVHYAAVVFSSTGIGQRWGNPSITPSATKLSTGRYRVTISGVSSNGFIPMVTACNSSKWVNACIEEYSFTSNYFTVKFMDVNTGMIDTDFVFYICGWV
PHAGE_Bacill_BCD7, putative tail fiber protein, PP_01548, phage(gi422936034),3,Bacteroides sp. 3_1_23 .1 whole genome shotgun sequence.,complement(1889593..1891068) MRYIIKGNDFSFTWTIKDCNGYVDLSAVTDLEVMYQHSTVPSKKYVADARIVDIVLKEREEDLGDTVLYD
,,,,,Bacteroides ovatus SD CMC 3f  whole genome shotgun,1520376..1521851 MRYIIKGNDFSFTWTIKDCNGYVDLSAVTDLKVMYQHSTVPSKKYVVDAKIVDIVLKEREEDLGDTVLYDSTLVKGIEFEVTAEQQQEMLLGDYNVICTFIKNDDSHCYKMIRAYTIVADKDGLKYCCSESKERLIKLSQLINDMGFITRDDLPTKVSELQNDCNYVNINSVPTKLSQLVNDRNFASKDEVPKYTTELSNDAQFTNVVDLAKKVDKESGKGLSTNDYTNEDKTKLTNLSDFDSTGINKELKELEEALAAKADISEIPNFTSDLINDSKFVTSSDLLAENVGYDSTTVKDTLDSLLYEAINITSFTSNVEPVQEIGTNINSITLTWKLSQPATEQFINDVPVTGSSFTFDTPFNSNKSFTLKVNDGTTIKSKTIDIKFMNNIYYGVSSSTTYDSNFIESLTKELRQATEMNFRVNAGKDEYICFAYPSHYGEAVFSVGGFEGGFREVAKFYYTNESGYNEQYIVYCSDNPCLGDTRVKVIYV
,,,,,Bacteroides sp. 3_1_19 .1 whole genome shotgun sequence.,complement(2835723..2836010) VECDVPADAKFTDTIYNDSALKATVANKVDKVSGKGLSTNDYTNPEKQKLAGLSNYDDSTLRQYITSLEE
PHAGE_Strept_TG1, putative tail fiber protein, HMPREF1017_01897, phage(gi410491926),1,Bacteroides ovatus 3_8_47FAA .1 whole genome shotgun,complement(2294676..2297264) MKKNFVRVMLFGALTLATVTYVGCKDYDDDIDNLQTQIDANAAGLAELQAKVNAGNWVTDIKSITGGFEITFNNGNKYSIVNGKDGSVVEIGENGNWFIDDVDTGKPARGEKGETGATGPVGPEGPVGPEGPVGPEGPAGPAGKSPFIGDGTGEFEKDYWYFYDDVTNKWVKGDYSSATVYAVQNEGLPSFTLHVKDKTTGTELTSILPTAALISSIEGVNIDNNGKITTGGTKELKLSYAQCKADFTFGMGDEKKEFKKNDLLITNSGVLNALINPVGPDFSDSKYQIYLMNSQNNSQEEANFVISKIEQNKTAKPLTRATEAKVNRGVYDLTVTLKDGLNLENALPADEAYAFCTKDAWNNEIISAYDVKIKPEAVTSATKLADAAVSAKVGEVQVLDDLAAAATTTPPMDLSTVYAYYYKLAADAPEGVTLGTNEAGKQTITSTKGQEAKVEVCYITTNGIPFDGEAHEGIDYSSVGGSSAPAKLTVTFKQIDTKSLAAQTVVWNKSEKSDIAVSAANIKAIKDAITAAKLASSTATVNDGDKVKFSGIGASGDTKYDNLKLTVAAAYKGTMEAVLTVDVDATKQIIFKMPVTVDYKMPVFTKTSGMWTEDDEVSLLINETKNGDKIQSISLEREMGSIFTTWSAITEGVNAGIYNNITYAIDKNGEDPVGSESNGKFTVDMEHAKDNMALTVNVNCQPNDAAEPASIANQKVKFISLSKLLTSTFGATDAKKGITTAYTAETIDAEIDVLGDIVWKDRKGKNMWPTANGETYDTSVLTTADDVLALYGYSIKVELSDKVNFEFDANKKLKLTTVGKALKGLVQDLVVTVTITPSISWSATSPAPVVKTVTFPTALFAD
PHAGE_Clostr_phiCD38_2, tail fiber protein, HMPREF1017_01899, phage(gi333798127),3,Bacteroides ovatus 3_8_47FAA .1 whole genome shotgun,complement(2298974..2301937) MLFGALTLAVSTTVTSCKDYDDDIKNLQEQIDKVTSTNPVSTEDMKAAISSAIQTLQTQLQTAIDGKADSKAVQDLLKTVEALQTALENKADASTIKTLGDQITELSKQVNSIEGTLNETKKDLEAKVADLTEKLAGAASSEDLKKLANELAEAKNELKAVKDMADNNAAAIVEIQANILELQKLDGRITALETFNQNAASKDDLTAYVTHSELAGLVDNEVLELLKDNGSIAKYVNEVIESQVLAETSAINLAIKGVDDKLATLSTSFETYKSEQATAYQTVTSNITTLTTFKTTIETALAGGGYENFAAVLTEISTIKASYGYCATRADFDNKVEAYLATYKSGVDGEFTALKTRITALENQIQSVVYVPEYEDGKIIFMSYFYDNKLVAETKPIQMKFRISPATAAANFAENYAPSFDGQEIKTRTAEIYNIEKTEVDEATGIVTFTISTSTDKSFAVSLNLIAKDQSKNLTNISSNYFPVISDYRAITDVKVKSPNKDIDYILYDKPLSVVDYATGAVLQITGKNRAGDDVSDETMASSVNAEKFVVTYKVEGDGAAFYTIEKGVLKLKNYTDASNGKIAQPKATVTITGTDFKKVTAFADVTAKAASTDPEVSPTISAVKFDGTKEQVADVTVPYGTTGGSTDIGISQEVYEKLPAENFAFKAAEGVYLRFKDKTTTNELEIVVPKGTVKGTYVPEVKVKVSDVQNFTLKPSITVEVTDADYTLTYDDKIITGGSSLALTANLLPADKPTSMNFMMEIPSLFANYATIVDNAKKVGATVQFSLKEAITGVSLADNVLKVDNTYSNPAPAKAIVVVAKVIAKNAAGADIELVTSKETIFTLADLSGEWTAPTAATVKIGSDKMDATTQLATGAIWKASNKEAMWEAGKEVEAGDKWGAAPLGIFGFVAPTFELADAANAKYVTLDKNTGALTLTNTGKQLKAVVSIIVNIVAESRWGTITNYAAGNAVTVKIDPTKESTSIPD
,,,,,Bacteroides sp. 1_1_30 .1 whole genome shotgun sequence.,4994715..4997678 MLFGALTLAVSTTVTSCKDYDDDIKNLQEQIDKVTSTNPVSTEDMKAAISSAIQTLQTQLQTAIDGKADSKAVQDLLKTVEALQTALENKADASTIKTLGDQITELSKQVNSIEGTLNETKKDLEAKVADLTEKLAGAASSEDLKKLANELAEAKNELKAVKDMADNNAAAIVEIQANILELQKLDGRITALETFNQNAASKDDLTAYVAHSELAGLVDNEVLELLKDNGSIAKYVNEVIESQVLAETSAINLAIKGVDDKLATLSTSFETYKSEQATAYQTVTSNITTLTTFKTTIETALAGGGYENFAAVLAEISTIKASYGYCATKADFDNKVEAYLATYKSGVDGEFTALKTRITALENQIQSVVYVPEYEDGKIIFMSYFYDNKLVAETKPIQMKFRISPATAVANFAENYAPSFDGQEIKTRTAEIYNIEKTEVDEATGIVTFTISTSTDKSFAVSLNLIAKDQSKNLTNISSNYFPVISDYRAITDVKVESPNKEIDYILYDKPLSVVDYATGAVLQITGKNRAGDDVTNEPMASSVNAEKFVVSYKVEGDDAASYTIEKGVLKLKNYTDASNGKIAKPKATVTITGTDFEKVTAFADVTAKAASTDPEVSPTISAVKFDGTKEQVADVTVPYGTTGGSTDIGISQEVYEKLPAENFAFKAAEGVYLRFKANTTTNELEIVVPKGTVKDTYVPEVKVKVSDVQNFTLKPSITVEVTDADYTLTYDDKIITGGSSLALTANLLPADKPTSMNFMMEIPSLFANYATIVDNAKKVGATVQFSLKEAITGVSLADNVLKVDNTYSNPAPAKAIVVVAKVIAKNAAGADIELVTSKETTFTLADLSGEWTAPTATTVKIGSDKVDATTQLATGAIWKASNKEKMWEAGKEVKAGDKWGAAPLGIFGFVAPTFELADAANAKYVTLDKNTGALTLTNTGKQLKAEVSIIVNIVAESRWGTITNYAAGKTVTVKIDPTKESTSIPD
,,,,,Bacteroides sp. D22 .1 whole genome shotgun sequence.,complement(5030072..5033077) MLFGALALTVSTTVTSCKDYDDDIKNLQEQIDKVTSTNPVSTEDMKTAISSAIQTLQTQLQTAIDGKADA
PHAGE_Synech_S_CBS4, tail fiber protein, BT_1796, phage(gi374531790),1,Bacteroides thetaiotaomicron VPI-5482 complete genome.,complement(2246756..2248756) MKKNVLFLMLSSLLLLSVSCTTDSTEFDEGKWGGGSDEEGGSQPNPTVPEESDDLLNFTIAFDESDRTTYGSMSETVVTDENDANYDDFIENSSFTSVVTVSYDGATATVSNEVDGVSVSQNGAHIVVNSTVKGIEYVLKGATTDGSFKVYSEKKFKLSLSGTSIHNPVGAAINIQSSKRVFVVCAEGTTNTLTDGTSYTLTDGEDMKSCFFSEGQLIFSGSGSLSVTGNYKHAIVSDEYIRLRSGCNISVPSAVKDGIHTNDAVIIGGGVLNISSTEDAIQCEDGGITMTGGFVKVATTADKAHGFKSELDVIISGGALQAEVTGAGSKGISCNGNLTVSGGKITAFTSQKPLYEDDDLSSCAGIKCDGDIVIEGGEIALQSTGAAGKGMNCDGSITIHDGTVKVITTGTQYVYGKLDSSAKAMKAEGALTINGGTVLVRATGGEGSEGIESKSVLTVNDGMIAALCYDDCMNASNSIVINGGSIYCYSSGNDGIDSNGTLTITGGVVIASGTTSPEDGFDCDQNTFKITGGIVLGIGGGTSTPTSSVCTQRSVIYGGSGSNGEILNIQSADGTNVLTYQIPRNYSQMTLLFSSPNLASGGSYTISKGGSVSGGSEFFGLYTGSSYSGGTQAATFTAGSMVTQVGNVNSNPGGGQPGGGGRPGGW
PHAGE_Flavob_6H_NC_021867, putative phage tail protein, BF2350, phage(gi526120139),2,Bacteroides fragilis YCH46 DNA complete genome.,2712965..2717164 MARRSATVFMPDYRKLSKEWKYVRIPKDTLSFCPGDGPPIFVLKNNVMGKLQPDYITWTLSVNADGLQKEMLKVRNNTKELKAENVRLKSSMENLAMQGKLQSKEYKELNAQLKANNRTISENGEKLRLLESRLNNADKSYAQLSKQARQLRRELDNTVKSLQPQEYARLEAELAKTKEAMEQLRPKAEAVKESFFSLTRMKSAVVGFFAGIGASAGSFFANSISEARSWMSEGIRLAANADGVRRAFDKLDRPGILSELRKATKDTVNDLELMQAAVRAKDFRIPLEDLGKYLQFARLKAQQTGQSVDYLTDSIITGLGRKSLLILDNLGLSAAEVNEEMAKTGDLMAAVAAIVDRQLAQAGENYVSAADKAAQKAAELQNRQMEIGRLLLPLQEKWSGLFQSLKLGFSDVALRVLEHKKSIITLISVVTGFILVYKTVILLQKTWNGLLMLGKAVSLAYASVVAMQRGNILRSAAAMKMYNASVASNNILVKACTASTYLFAAAKAVLTGNINKARIAMQAFYAITKISPLAIVATVVAALTYKLVSYRRELTATEKAERSLHRVRAQAADTVATETRELNTLLGIARNEKISKEQRMEAIKRLNALSEEYLGGLRLETINTREATAAVKDYTDNLLSMARIRSANSRLEEIQKEKRALEEQRKDIHANRNLWDSFKLGLAKGFNSLSVAVKGYSDTWSEGVIHDYFAREFDQIQALNQEEKKLTQEITASQQDIIKVDTQSEAKTKDLIQAKKEEIAQAEREVASTPALLAAKNRKLQQLNEELKALQQLGTIREIPDGFASQTDKVLSALNERHEKELLKIRENKERQQQTQAQYNKAVLAEDIRFHTQRLGILEGLEKKTARTRLRQLAGIRAKMTESSAKILELQRKLDENEVALLQEQRDKKLAIQEDTYKAAKAQIELNYANLHITQQQRDMLLLSLEESNSRERLGILKEYRKDVEALELQTGDVKIQAVKLSGQKVLEAELANAKDRAAQQKAIETMLSSFKKEFNLFNLPDETDLQLKVLEASYQARLELIRNALKNELVTKDQAARQERELEEAYSTAKLNITRGAEERRNGILEKYGLLGFQQRYAMQMAALKREKEQGLIGAEAYAKAEKMLKIQFWKEAFDYYSNLFSGAVSALQNAEIANMEAKYDAEIAAAQGNAQEVERLETEKAQKKLEIEKKYADVQFAVKASQIIADTAVAIMKALSQLGPIAGPVAAALMGVTGAAQLAAANAERQKVKSMTLSGASGSTPVSAERVVNASGGYDQGGYTGDGDRYEVAGVVHRGEYVIPVPEMKNKRVVNMVKVIESIRRNRTSANPWPGYYEGGKVTERERPGQDIDRLNRAAEKLERASRNLSRPAKSYVLLSDINAAQDLQKSSEKPFTRTDQ
PHAGE_Paenib_phiIBB_Pl23_NC_021865, major tail protein, BF2452, phage(gi526245021),2,Bacteroides fragilis YCH46 DNA complete genome.,complement(2835823..2836305) MSKAKSVLGKDLMLFVGGKALALATSCKLSISAETIDTQSKDSGIWAEKDIKQLSWNGSSENLFSADDKVSGYDTLLDLMLNRQPVEAKFGIPANANADGVPAAGWTLPAASYSGNVLITNLELNAPDGDKATFSATFEGTGKLTPRVSGDGGIVDDPTA
PHAGE_Riemer_RAP44_NC_019490, putative phage tail protein, EL88_12825, phage(gi418489917),2,Bacteroides dorei isolate HS1_L_1_B_010 complete genome.,2797425..2798642 MALEQNLILDLPFDEANGSTVAYDFAQNRHDATVVDCSFVAGKQGNCINFDGEGYADVNYNVVPLSGSFTILAWVKANKYPDGYTGKRIGLFCNTDQVDGYRTFWIDVEPDSWGFFAIKKSGNRVLVYLDTQLIETIVLPSTLTGIALIQDIYGIGYGYADLDSVKVYNVVLSDAEIGEELNSVAQLEYYLDGKNFRDFGIRVESSTGVLDLPKLKTPASVDWADYHGKVIDLSEKRYQEREITLNCWLKASGKMDFVERVNTLYDRFRQDGTQRLMISIHPTKPLVYEVYCEDGVAPSKRWHDDKMIGTFSLKLKEPDPVKRVVRHQRLNSGSAKVSVAFKSDKMINIYWGDGTVDTDVYGDCTGKNAISHTYTDNGIYYIIVAGVIEDITDFETNGIVVWNRL
,,,,,Bacteroides massiliensis dnLKV3 genomic scaffold,90907..91875 MKNNLYIDGTDAFTRFGVFIAEGGHNEVVAFPALKEPEVSNDWAEYDGIEVDLSDPKLDTKELEIKFNAVGMYQTGDFISLLSDGAYHTFEFKRIGYTYKLRLVSEVNVALYIGAKSFSLKFADDFPLKDYKYTAPLSTTNIPTQGYEIDGIDFSVYGIRVLEGSEAQILKAPAVKKNMLRNLSTQNGAIYDGKQVVYQHKEVTLSCCLIAKNLTEFWRNYNAFLHDLIKVVEIDEGDGVKVQTAERSLFVESTCEEYPCYYKSSKVSLFSPDDQVWCAFTLMLVFTAFRVGEDEYLLASEAGELIVTEDGEFYIDLKSYGN
PHAGE_Bacter_B40_8_NC_011222, putative tail fiber protein, B40-8007, phage(gi200003962),1,Bacteroides phage B40-8 culture-collection ATCC:51477-B1 complete,8724..14417 MNEVYISTPFCVIPGIETSSKYLLIEYWNDEKIAYPDGFITTGANNDFRYQMYVPATICKPKYEFEEELTKRAGYKFLELQTSTKVYAFTFVAPEFICDAMRLIRLSDYIRISHDGEYYNALNFEFDVDWQEQLYLAAVDCQFETDSIIQKLPSFNRRDKASFYNALLANIDTPIMFSPDTVGLYYKEYRGTEPVIKGKLIRELSPIDLIDENTTIAVDMGAGEARKFNLYRMLEGYISKNHEDVTEFLLSLRGGVNIGTPNVSGEYPASVDRYGNAKLKDIQGNDATLNNVTGKGATFKTVETGFLTVNKTSATIDGMGNANVNDLTARGDSMLRSDVYTGSKKGNSTGKITKEGQLQYLSAIIYEFLSSETFVPGFLGEGFKIWLENGNWHIECDNLTVRQTMNIFELLIQKIRSVNGAIVVSQSNGKLSAVEEVGTQYKLTTGEEFPTFQEGDLVRCQTFAGYQGAGLTFDFTQFAKYDYSGSAFDSSLIDVTPDSISFNLNNTGNSGFAFYKFSESSPTPIEIPSFTLTLEGGYPGMMAIATGLDSSDSPVESAGVLLQNGDNVIPAIKAAQGIHNFAIIITGDSGHGNGKVTVKQKKAAGSAPNNSLVKFYWVEVKSVEGTSFFADKAEFNGVVPTVGDEVVQMGNTKNPERQALIYITAQESGKPYIEILNGVKTKSLTGTDRTRLGDLSNIVDPDFTGEAAVKGTGFYSTNAFLKGIFVLRNGKRVEDEIKIAKDAADQAAQDAANAAQSAQEAKDRLNKWADDGLISPTEKPALIDEGKRIQAEYLQIKANADKYGVSVTEYTEAYNNYLNELRYHSATTPENIVVRPELAQSQTAYYDKRNGALNAIATASKEYVDNADKKLKEYLDTEITAIPGKIELAVRSLKTANYNLLLDSNHTLSANPYQLGAYKYDVHLVKGKSYTLTVCYKCADSDDVVAYNNPSFGYLAILPKSAEETIVSTKITPSQDDAAYFYFYKTPQKETTQTYVRWAVITDGDMGVAQWIPSKSEILTGGRNLVLNSGVCVSQYSLFGLSQTYYELRGQKVVISFDYEYSNLVLGGNNRFGVETEIPLSGGGVQLFGAFVYLDSRSLTNGKGRFYYATKVSDNVVDNGLKHIQAHVQVGTGTVVKMCNFQIEKGDVPSDWSPAPEDIYNDSVKYTDTQISAVDGKIELSVTTELNKRVIGGANLCLKSGVCITGVENHLRINMSKYWRDLRGKKVTLSFDYEYSNLVLGRNSRIGLEEGVLKDGTSNYYYIGAWKYFDSTSLKAGTGRFVHTITVPNDIVNAQNIGIGFYIQVGDGTTMKICNPQIEIGDTATEWKPAPEDGIIESKEYTNSQISVVEGKITSTVEKINTVDGRVTGLASRVEQTEKSITSVVGDIGVINSTTNRHVSKRIDLRGWDNNKFFPLVISIPVYHKTRVEISRPLDAGYGKPSYGTHDGGFSMNLTFEMSGSGWGSLPAVTNIFDYTKAWISAGAKIVVDLGQITETSTCRMGIRGGSMYDVTVDDTIDPNVINVYQTDYHGSYNTSFPVRTDGTEPVRTYGYYTEIKQTQESIALTANKVDDQGRRLSAAELTLSSDHAKLSVVEQTANSANSLAGTANGKAEAADGRVTATQNGLVETGINITSRKIVLKSDNVLFQNNAGQQTAAINANGKLTANAIEVGEVVANGFAAQRITTGNLTVTDGAVIAGMAISGGVLTGKNIHITDGAKIGNFTIESGILSANGMVAGMQMRLSNNLMELSSSGLRVDQNSGGYAVNVRGNGRCYMQGVESYRKFNVYEFAGATQWKAPGVHYAAVVFSSTGIGQRWGNPSITPSATKLSTGRYRVTISGVSSNGFIPMVTACNSSKWVNACIEEYSFTSNYFTVKFMDVNTGMIDTDFVFYICGWV
PHAGE_Cellul_phi181_NC_021790, phage tail protein, BF638R_3640, phage(gi526177116),2,Bacteroides fragilis 638R complete genome.,complement(4306761..4307240) MATKLDSSKDIYRGELMLFIGDEPIAFASSCGLDVSTEEIDISNKMMGDWAGSLPGKKSFTLSSESLLTRKEGAMSFDTLLSKQITGEVLDFFLGSPASADKDNFGGTFTKDTKQKNYTGKVIITSLSIKSDNGQIVSCSASFKGIGALAPVEPVGVGG
,,,,,Bacteroides cellulosilyticus strain WH2 complete genome.,11697..12173 MAEKKLDSSVDIHRGELMLFIGEDPIAFGSSAGLDISTEELDISNKMMGDWAGSLAGKKSFTISSESLLTRKEGAMSFDTLLAKQIAGDPLDFFFGSAKAADQDNFGGTFTKDTAQTNYTGKVIITSLSIKSDNGQIVSVSASFKGVGALTPIEPVAV
PHAGE_Lactoc_WRP3_NC_027341, tail protein, BcellWH2_RS00135, phage(gi849250975),1,Bacteroides cellulosilyticus strain WH2 complete genome.,19396..21063 MKKVSIVSSTAPAKPRSDKYPVGASVTRTSSGTTVVNQGGGESIDIVKKDDIKSFTDKNVLSSLRSVAEFISKKDDSQISAIVDFLKGLKIDGNLINRLLLQNTEAENVGDTDVMSALRVLAEIAANNEVLKNMFLRKDKVDSTDYLLRLFGGLEVGEAIDSLTAGKGIIADNKGRIQADRMELRSSLTVLEIIFNRLSAMESDYSFSESGTIESVELLEDGTYRLPLRKRWENDFTALDENDVVYGMVNNLASGTGDYYTSWLRVLNVNTVSNTITAVMYPDDEVPGGKNYPPEPLMILSHRGNPVNEDRQAYWYLSSREKCICMLDGVTKPILEENNYAIIIGKLKQLSLFDNLPINYRHSYIYCRGIAIQDLLRIDYQGTPVRSENNRGPWSSEDAVNNPYQSTDTVYDAVYHVGCKWMCLSTGTLQEPKWNATDWAQIEGNSELTLEFSSSNGYNFFAGKVNAEFTPIVYWGYNDISADVLPGDWSWTRDSGQVTEDNAWSVAHANNGRVLHLTNEDMPSNWGATRKVKFTCTAYVRDGIESINIENSIIV
